Columns,n,type,mean,std,min,25%,50%,75%,max,value 1,value 2,value 3,value 4,value 5,freq 1,freq 2,freq 3,freq 4,freq 5,freq others,freq NA
Education_Info1,89999,int64,0.0621229124768053,0.24137999836488067,0.0,0.0,0.0,0.0,1.0,0.0,1.0,,,,84408.0,5591.0,,,,0.0,0.0
Education_Info2,89999,object,,,,,,,,E,A,AM,AQ,AN,84408.0,2886.0,2044.0,300.0,233.0,128.0,0.0
Education_Info3,89999,object,,,,,,,,E,毕业,结业,,,84408.0,5416.0,175.0,,,0.0,0.0
Education_Info4,89999,object,,,,,,,,E,T,F,AR,V,84408.0,4281.0,791.0,209.0,182.0,128.0,0.0
Education_Info5,89999,int64,0.03210035667062967,0.17626760621662146,0.0,0.0,0.0,0.0,1.0,0.0,1.0,,,,87110.0,2889.0,,,,0.0,0.0
Education_Info6,89999,object,,,,,,,,E,A,AM,AQ,U,87110.0,1640.0,1015.0,145.0,83.0,6.0,0.0
Education_Info7,89999,object,,,,,,,,E,不详,,,,87110.0,2889.0,,,,0.0,0.0
Education_Info8,89999,object,,,,,,,,E,T,不详,F,V,87110.0,2173.0,334.0,210.0,82.0,90.0,0.0
ListingInfo,89999,datetime64[ns],,,,,,,,2014-09-09 00:00:00,2014-10-14 00:00:00,2014-09-30 00:00:00,2014-10-10 00:00:00,2014-10-24 00:00:00,1320.0,1093.0,1049.0,966.0,914.0,84657.0,0.0
SocialNetwork_1,89999,int64,0.001277791975466394,0.037838240120499446,0.0,0.0,0.0,0.0,2.0,0.0,1.0,2.0,,,89891.0,101.0,7.0,,,0.0,0.0
SocialNetwork_10,22293,float64,298.74103978827435,1374.0545489405226,0.0,,,,75009.0,0.0,1.0,2.0,4.0,5.0,687.0,329.0,301.0,269.0,264.0,20443.0,67706.0
SocialNetwork_11,40,float64,10.875,58.41197080507842,0.0,,,,368.0,0.0,1.0,368.0,48.0,6.0,30.0,4.0,1.0,1.0,1.0,3.0,89959.0
SocialNetwork_12,22702,float64,0.009250286318386045,0.09573464490829509,0.0,,,,1.0,0.0,1.0,,,,22492.0,210.0,,,,0.0,67297.0
SocialNetwork_13,89999,int64,0.21971355237280416,0.4204460298980883,0.0,0.0,0.0,0.0,4.0,0,1,2,3,4,70454.0,19326.0,210.0,8.0,1.0,0.0,0.0
SocialNetwork_14,89999,int64,0.062289580995344394,0.24328590827808552,0.0,0.0,0.0,0.0,3.0,0.0,1.0,2.0,3.0,,84426.0,5542.0,29.0,2.0,,0.0,0.0
SocialNetwork_15,89999,int64,0.027722530250336115,0.16431292248173623,0.0,0.0,0.0,0.0,2.0,0.0,1.0,2.0,,,87506.0,2491.0,2.0,,,0.0,0.0
SocialNetwork_16,89999,int64,0.017044633829264768,0.12943840406872384,0.0,0.0,0.0,0.0,1.0,0.0,1.0,,,,88465.0,1534.0,,,,0.0,0.0
SocialNetwork_17,89999,int64,0.2531805908954544,0.4370279554078044,0.0,0.0,0.0,1.0,3.0,0.0,1.0,2.0,3.0,,67297.0,22620.0,80.0,2.0,,0.0,0.0
SocialNetwork_2,89999,int64,0.03134479271991911,0.19699559933813682,0.0,0.0,0.0,0.0,2.0,0.0,1.0,2.0,,,87558.0,2061.0,380.0,,,0.0,0.0
SocialNetwork_3,2441,float64,2049.8111429741907,24362.82159945477,0.0,,,,1032721.0,1.0,0.0,3.0,5.0,4.0,200.0,66.0,61.0,59.0,57.0,1998.0,87558.0
SocialNetwork_4,2441,float64,217.29496108152398,378.5218390455629,0.0,,,,3000.0,0.0,30.0,1.0,2.0,28.0,107.0,31.0,30.0,29.0,23.0,2221.0,87558.0
SocialNetwork_5,2439,float64,418.5584255842558,1375.6321514150156,0.0,,,,37924.0,0.0,1.0,2.0,3.0,4.0,215.0,98.0,81.0,56.0,40.0,1949.0,87560.0
SocialNetwork_6,2438,float64,29.308859721082854,195.93834545328446,0.0,,,,4870.0,0.0,1.0,2.0,3.0,4.0,1392.0,239.0,131.0,71.0,66.0,539.0,87561.0
SocialNetwork_7,2493,float64,0.07220216606498195,0.25887428398167683,0.0,,,,1.0,0.0,1.0,,,,2313.0,180.0,,,,0.0,87506.0
SocialNetwork_8,22211,float64,139.76304533789565,1412.3363284725965,0.0,,,,129496.0,0.0,1.0,2.0,70.0,50.0,611.0,229.0,198.0,178.0,172.0,20823.0,67788.0
SocialNetwork_9,22244,float64,142.68580291314512,230.22894307844916,0.0,,,,4304.0,0.0,2.0,3.0,4.0,6.0,445.0,358.0,293.0,269.0,262.0,20617.0,67755.0
ThirdParty_Info_Period1_1,89480,float64,19.470306213679034,32.72471058959823,0.0,,,,790.0,0.0,1.0,2.0,3.0,4.0,20445.0,6129.0,4777.0,3781.0,3202.0,51146.0,519.0
ThirdParty_Info_Period1_10,89480,float64,0.9746535538667859,1.6279066516188234,0.0,,,,28.0,0.0,1.0,2.0,3.0,4.0,50411.0,18647.0,8863.0,5007.0,2678.0,3874.0,519.0
ThirdParty_Info_Period1_11,89480,float64,13.311700938757264,12.592321526150839,0.0,,,,184.0,4.0,5.0,2.0,3.0,6.0,4721.0,4632.0,4612.0,4593.0,4556.0,66366.0,519.0
ThirdParty_Info_Period1_12,89480,float64,1.375268216361198,17.417836125823147,0.0,,,,1530.0,0.0,1.0,2.0,3.0,4.0,66869.0,11758.0,4414.0,2065.0,1206.0,3168.0,519.0
ThirdParty_Info_Period1_13,89480,float64,15347.883705856057,25582.081232397148,0.0,,,,1950405.0,0.0,670.0,3449.0,862.0,2563.0,1249.0,14.0,14.0,14.0,14.0,88175.0,519.0
ThirdParty_Info_Period1_14,89480,float64,13580.370071524363,23944.449237870067,0.0,,,,1792744.0,0.0,4385.0,10274.0,2787.0,4830.0,3454.0,16.0,15.0,15.0,14.0,85966.0,519.0
ThirdParty_Info_Period1_15,89480,float64,1376.4061689763075,5267.17147571086,0.0,,,,490250.0,0.0,21.0,16.0,11.0,24.0,24701.0,261.0,251.0,244.0,238.0,63785.0,519.0
ThirdParty_Info_Period1_16,89480,float64,18930.35072641931,31896.974329702236,0.0,,,,2052132.0,0.0,2427.0,5854.0,2464.0,5574.0,2252.0,14.0,14.0,12.0,11.0,87177.0,519.0
ThirdParty_Info_Period1_17,89480,float64,8628.738723737148,14694.50163054484,0.0,,,,1200767.0,0.0,49.0,701.0,1235.0,1861.0,3701.0,21.0,20.0,20.0,19.0,85699.0,519.0
ThirdParty_Info_Period1_2,89480,float64,14.213500223513634,26.35123001285391,0.0,,,,999.0,0.0,1.0,2.0,3.0,4.0,22758.0,7480.0,5621.0,4492.0,3754.0,45375.0,519.0
ThirdParty_Info_Period1_3,89480,float64,148.25887349128297,161.97703669317346,0.0,,,,4557.0,19.0,24.0,30.0,18.0,21.0,555.0,548.0,544.0,540.0,540.0,86753.0,519.0
ThirdParty_Info_Period1_4,89480,float64,142.02981671881986,150.85697080375178,0.0,,,,3653.0,0.0,43.0,17.0,30.0,46.0,2734.0,544.0,541.0,534.0,531.0,84596.0,519.0
ThirdParty_Info_Period1_5,89480,float64,65.69587617344658,52.16967505177443,1.0,,,,1516.0,31.0,32.0,34.0,30.0,38.0,1123.0,1083.0,1081.0,1075.0,1075.0,84043.0,519.0
ThirdParty_Info_Period1_6,89480,float64,11.707253017434063,36.22559153677993,0.0,,,,1597.0,0.0,1.0,2.0,3.0,4.0,23387.0,11086.0,8150.0,6129.0,4889.0,35839.0,519.0
ThirdParty_Info_Period1_7,89480,float64,205.401419311578,217.12366434379214,0.0,,,,6743.0,0.0,35.0,49.0,75.0,58.0,1541.0,414.0,390.0,389.0,386.0,86360.0,519.0
ThirdParty_Info_Period1_8,89480,float64,73.18001788109075,81.8262312264416,0.0,,,,1763.0,0.0,13.0,10.0,16.0,11.0,2991.0,1064.0,1028.0,1021.0,1012.0,82364.0,519.0
ThirdParty_Info_Period1_9,89480,float64,2.837002682163612,7.900866639182483,0.0,,,,922.0,0.0,1.0,2.0,3.0,4.0,50411.0,9816.0,6160.0,4234.0,3192.0,15667.0,519.0
ThirdParty_Info_Period2_1,89042,float64,31.307450416657307,46.15578708082225,0.0,,,,1238.0,0.0,1.0,2.0,3.0,4.0,16180.0,4269.0,3346.0,2879.0,2634.0,59734.0,957.0
ThirdParty_Info_Period2_10,89042,float64,1.0194514948002067,1.6602602171412884,0.0,,,,26.0,0.0,1.0,2.0,3.0,4.0,49454.0,18086.0,9170.0,5115.0,3049.0,4168.0,957.0
ThirdParty_Info_Period2_11,89042,float64,20.40869477325307,15.618926937519335,0.0,,,,194.0,12.0,8.0,10.0,7.0,11.0,3326.0,3313.0,3312.0,3301.0,3242.0,72548.0,957.0
ThirdParty_Info_Period2_12,89042,float64,2.270647559578626,29.095253248167143,0.0,,,,2592.0,0.0,1.0,2.0,3.0,4.0,58302.0,14340.0,6091.0,3113.0,1873.0,5323.0,957.0
ThirdParty_Info_Period2_13,89042,float64,24589.798364816605,39729.62009456232,0.0,,,,3632548.0,0.0,3742.0,7511.0,8378.0,13037.0,976.0,12.0,11.0,11.0,11.0,88021.0,957.0
ThirdParty_Info_Period2_14,89042,float64,21711.374811886526,37816.769301199114,0.0,,,,2534595.0,0.0,7512.0,11041.0,14156.0,8481.0,3315.0,14.0,10.0,10.0,10.0,85683.0,957.0
ThirdParty_Info_Period2_15,89042,float64,2244.792221648211,6976.567670934704,0.0,,,,378589.0,0.0,12.0,26.0,24.0,23.0,13187.0,220.0,197.0,197.0,196.0,75045.0,957.0
ThirdParty_Info_Period2_16,89042,float64,29631.845129264842,51960.600813554614,0.0,,,,3730221.0,0.0,11884.0,6780.0,13117.0,9116.0,2275.0,10.0,9.0,9.0,9.0,86730.0,957.0
ThirdParty_Info_Period2_17,89042,float64,14437.877844163428,21960.73167494075,0.0,,,,1662510.0,0.0,6888.0,4355.0,6106.0,5705.0,2376.0,15.0,15.0,14.0,13.0,86609.0,957.0
ThirdParty_Info_Period2_2,89042,float64,22.158093933200064,36.41336312587279,0.0,,,,808.0,0.0,1.0,2.0,3.0,4.0,17942.0,5231.0,4270.0,3702.0,3166.0,54731.0,957.0
ThirdParty_Info_Period2_3,89042,float64,239.78786415399475,210.05754355879986,0.0,,,,3852.0,101.0,99.0,116.0,85.0,105.0,335.0,329.0,317.0,316.0,316.0,87429.0,957.0
ThirdParty_Info_Period2_4,89042,float64,232.36357000067383,203.13235764249336,0.0,,,,3056.0,0.0,96.0,84.0,101.0,95.0,2600.0,313.0,312.0,303.0,302.0,85212.0,957.0
ThirdParty_Info_Period2_5,89042,float64,90.82558792479954,64.64415211678799,1.0,,,,1984.0,58.0,50.0,47.0,54.0,46.0,876.0,873.0,859.0,855.0,849.0,84730.0,957.0
ThirdParty_Info_Period2_6,89042,float64,19.203757777228724,50.95026249763842,0.0,,,,1768.0,0.0,1.0,2.0,3.0,4.0,11975.0,8604.0,7068.0,5863.0,5196.0,50336.0,957.0
ThirdParty_Info_Period2_7,89042,float64,328.30163293726554,285.2168286659581,0.0,,,,3518.0,0.0,131.0,106.0,123.0,96.0,1563.0,241.0,237.0,236.0,235.0,86530.0,957.0
ThirdParty_Info_Period2_8,89042,float64,124.6460434401743,111.22482767340804,0.0,,,,2053.0,0.0,47.0,50.0,59.0,39.0,1663.0,596.0,584.0,572.0,568.0,85059.0,957.0
ThirdParty_Info_Period2_9,89042,float64,3.2725680016172145,8.042505630604083,0.0,,,,536.0,0.0,1.0,2.0,3.0,4.0,49454.0,8699.0,5632.0,4187.0,3320.0,17750.0,957.0
ThirdParty_Info_Period3_1,88229,float64,29.820705210305,45.31311235539466,0.0,,,,788.0,0.0,1.0,2.0,3.0,4.0,18887.0,4190.0,3376.0,2823.0,2478.0,56475.0,1770.0
ThirdParty_Info_Period3_10,88229,float64,0.8494485939997053,1.4875647279393882,0.0,,,,28.0,0.0,1.0,2.0,3.0,4.0,53572.0,16786.0,8083.0,4307.0,2385.0,3096.0,1770.0
ThirdParty_Info_Period3_11,88229,float64,20.002096816239558,15.634515550047562,0.0,,,,161.0,9.0,10.0,8.0,7.0,11.0,3371.0,3313.0,3308.0,3269.0,3266.0,71702.0,1770.0
ThirdParty_Info_Period3_12,88229,float64,2.2480930306361855,28.742309455827364,0.0,,,,1999.0,0.0,1.0,2.0,3.0,4.0,58141.0,13976.0,5958.0,3089.0,1853.0,5212.0,1770.0
ThirdParty_Info_Period3_13,88229,float64,23908.375182763037,40534.97744534471,0.0,,,,3805636.0,0.0,9511.0,5374.0,7511.0,7451.0,973.0,11.0,11.0,10.0,10.0,87214.0,1770.0
ThirdParty_Info_Period3_14,88229,float64,21088.96843441499,38027.78398330562,0.0,,,,2756774.0,0.0,11810.0,9783.0,16421.0,6505.0,3323.0,12.0,11.0,11.0,11.0,84861.0,1770.0
ThirdParty_Info_Period3_15,88229,float64,2210.4392886692585,6892.30691569974,0.0,,,,382161.0,0.0,12.0,16.0,10.0,15.0,13750.0,214.0,206.0,201.0,198.0,73660.0,1770.0
ThirdParty_Info_Period3_16,88229,float64,28636.24693694817,54871.702964402626,0.0,,,,6077814.0,0.0,10693.0,9312.0,8178.0,22152.0,2307.0,10.0,10.0,10.0,9.0,85883.0,1770.0
ThirdParty_Info_Period3_17,88229,float64,14168.202643121876,21473.29898953334,0.0,,,,1394175.0,0.0,4543.0,3511.0,3763.0,6349.0,2433.0,15.0,14.0,13.0,13.0,85741.0,1770.0
ThirdParty_Info_Period3_2,88229,float64,20.39538020378787,34.97784737272224,0.0,,,,729.0,0.0,1.0,2.0,3.0,4.0,21612.0,5247.0,4254.0,3519.0,3072.0,50525.0,1770.0
ThirdParty_Info_Period3_3,88229,float64,234.71458364029968,208.28042310638918,0.0,,,,3299.0,81.0,97.0,106.0,70.0,91.0,321.0,318.0,316.0,315.0,315.0,86644.0,1770.0
ThirdParty_Info_Period3_4,88229,float64,228.01519908420133,203.6579344771346,0.0,,,,3217.0,0.0,102.0,79.0,90.0,86.0,2620.0,328.0,317.0,305.0,302.0,84357.0,1770.0
ThirdParty_Info_Period3_5,88229,float64,87.66328531435242,64.5959397473019,1.0,,,,1915.0,44.0,47.0,42.0,46.0,50.0,890.0,886.0,886.0,870.0,870.0,83827.0,1770.0
ThirdParty_Info_Period3_6,88229,float64,19.10238130319963,50.63712763010852,0.0,,,,1790.0,0.0,1.0,2.0,3.0,4.0,12550.0,8434.0,7051.0,5764.0,4953.0,49477.0,1770.0
ThirdParty_Info_Period3_7,88229,float64,320.6315270489295,284.86336198581364,0.0,,,,4256.0,0.0,149.0,154.0,163.0,88.0,1602.0,244.0,237.0,233.0,233.0,85680.0,1770.0
ThirdParty_Info_Period3_8,88229,float64,122.9958743723719,110.92148008310167,0.0,,,,1888.0,0.0,43.0,46.0,52.0,45.0,1721.0,574.0,569.0,564.0,560.0,84241.0,1770.0
ThirdParty_Info_Period3_9,88229,float64,2.681057248750411,6.938473502922111,0.0,,,,225.0,0.0,1.0,2.0,3.0,4.0,53572.0,8201.0,5262.0,3729.0,2879.0,14586.0,1770.0
ThirdParty_Info_Period4_1,85802,float64,28.681033076152072,44.883779985892744,0.0,,,,1506.0,0.0,1.0,2.0,3.0,4.0,20713.0,4004.0,3138.0,2660.0,2314.0,52973.0,4197.0
ThirdParty_Info_Period4_10,85802,float64,0.7757161837719401,1.4150287251288887,0.0,,,,19.0,0.0,1.0,2.0,3.0,4.0,54250.0,15748.0,7335.0,3717.0,2097.0,2655.0,4197.0
ThirdParty_Info_Period4_11,85802,float64,19.78529638003776,15.615774433555849,0.0,,,,174.0,10.0,9.0,8.0,11.0,7.0,3283.0,3221.0,3208.0,3160.0,3088.0,69842.0,4197.0
ThirdParty_Info_Period4_12,85802,float64,2.201580382741661,28.554561950568978,0.0,,,,2322.0,0.0,1.0,2.0,3.0,4.0,56815.0,13403.0,5739.0,2881.0,1866.0,5098.0,4197.0
ThirdParty_Info_Period4_13,85802,float64,23518.597585137875,39727.91724394672,0.0,,,,3450017.0,0.0,10809.0,4555.0,9809.0,11418.0,940.0,12.0,11.0,11.0,10.0,84818.0,4197.0
ThirdParty_Info_Period4_14,85802,float64,20735.666056735274,38182.99040633216,0.0,,,,2920840.0,0.0,3699.0,30.0,4749.0,8109.0,3294.0,12.0,12.0,10.0,10.0,82464.0,4197.0
ThirdParty_Info_Period4_15,85802,float64,2171.1686907065105,6931.222651012042,0.0,,,,574169.0,0.0,20.0,21.0,17.0,18.0,14147.0,198.0,192.0,192.0,191.0,70882.0,4197.0
ThirdParty_Info_Period4_16,85802,float64,28102.894361436796,54718.37242196657,0.0,,,,5630251.0,0.0,9708.0,9098.0,6798.0,14680.0,2258.0,11.0,10.0,10.0,9.0,83504.0,4197.0
ThirdParty_Info_Period4_17,85802,float64,13993.710764317848,21156.683057774775,0.0,,,,1705670.0,0.0,5141.0,3410.0,4602.0,7996.0,2416.0,14.0,13.0,13.0,13.0,83333.0,4197.0
ThirdParty_Info_Period4_2,85802,float64,19.397193538612154,35.03492333554297,0.0,,,,924.0,0.0,1.0,2.0,3.0,4.0,24094.0,5037.0,3897.0,3282.0,2891.0,46601.0,4197.0
ThirdParty_Info_Period4_3,85802,float64,232.21206964872613,209.3087085305506,0.0,,,,3730.0,80.0,87.0,66.0,58.0,93.0,329.0,313.0,313.0,309.0,306.0,84232.0,4197.0
ThirdParty_Info_Period4_4,85802,float64,225.777709144309,203.7664472313034,0.0,,,,3446.0,0.0,100.0,111.0,86.0,113.0,2621.0,312.0,304.0,303.0,296.0,81966.0,4197.0
ThirdParty_Info_Period4_5,85802,float64,85.97914967017086,64.00822378017017,1.0,,,,1627.0,43.0,50.0,36.0,47.0,54.0,856.0,852.0,841.0,839.0,833.0,81581.0,4197.0
ThirdParty_Info_Period4_6,85802,float64,18.80338453649099,50.66023123138313,0.0,,,,1605.0,0.0,1.0,2.0,3.0,4.0,12980.0,8418.0,6903.0,5669.0,4780.0,47052.0,4197.0
ThirdParty_Info_Period4_7,85802,float64,317.99382298780915,286.63945707347597,0.0,,,,4856.0,0.0,141.0,134.0,112.0,124.0,1589.0,232.0,227.0,226.0,226.0,83302.0,4197.0
ThirdParty_Info_Period4_8,85802,float64,121.192571268735,110.34713390484376,0.0,,,,1676.0,0.0,50.0,41.0,39.0,47.0,1742.0,563.0,551.0,551.0,551.0,81844.0,4197.0
ThirdParty_Info_Period4_9,85802,float64,2.391086454861192,6.504004863456133,0.0,,,,499.0,0.0,1.0,2.0,3.0,4.0,54250.0,7596.0,5001.0,3441.0,2705.0,12809.0,4197.0
ThirdParty_Info_Period5_1,81162,float64,27.594982873758656,44.04383099838297,0.0,,,,1059.0,0.0,1.0,2.0,3.0,4.0,21600.0,3868.0,3016.0,2461.0,2166.0,48051.0,8837.0
ThirdParty_Info_Period5_10,81162,float64,0.7299105492718267,1.3720188647899008,0.0,,,,16.0,0.0,1.0,2.0,3.0,4.0,52660.0,14558.0,6436.0,3400.0,1796.0,2312.0,8837.0
ThirdParty_Info_Period5_11,81162,float64,19.46748478351938,15.439520281246114,0.0,,,,238.0,7.0,11.0,10.0,8.0,9.0,3113.0,3092.0,3034.0,2991.0,2947.0,65985.0,8837.0
ThirdParty_Info_Period5_12,81162,float64,2.008809541411005,26.547524253484777,0.0,,,,2443.0,0.0,1.0,2.0,3.0,4.0,53755.0,12617.0,5368.0,2767.0,1692.0,4963.0,8837.0
ThirdParty_Info_Period5_13,81162,float64,22838.74505310367,35999.66952454174,0.0,,,,2896810.0,0.0,4880.0,10070.0,1762.0,8946.0,864.0,12.0,10.0,10.0,10.0,80256.0,8837.0
ThirdParty_Info_Period5_14,81162,float64,20231.868300436166,36237.29427058699,0.0,,,,3206589.0,0.0,7019.0,5751.0,5714.0,4754.0,3131.0,11.0,10.0,10.0,10.0,77990.0,8837.0
ThirdParty_Info_Period5_15,81162,float64,2093.0431236292848,6529.047237591811,0.0,,,,402653.0,0.0,14.0,11.0,12.0,19.0,14283.0,201.0,200.0,199.0,197.0,66082.0,8837.0
ThirdParty_Info_Period5_16,81162,float64,27365.105702175893,49651.816826962655,0.0,,,,3813435.0,0.0,8406.0,11300.0,9318.0,16451.0,2158.0,11.0,9.0,9.0,9.0,78966.0,8837.0
ThirdParty_Info_Period5_17,81162,float64,13629.408417732437,20127.53763021784,0.0,,,,1911268.0,0.0,1025.0,5938.0,3199.0,6259.0,2336.0,14.0,13.0,13.0,13.0,78773.0,8837.0
ThirdParty_Info_Period5_2,81162,float64,18.31598531332397,34.06992734428931,0.0,,,,855.0,0.0,1.0,2.0,3.0,4.0,25164.0,4766.0,3690.0,2988.0,2631.0,41923.0,8837.0
ThirdParty_Info_Period5_3,81162,float64,227.9082082748084,206.293338270077,0.0,,,,5579.0,84.0,73.0,94.0,100.0,79.0,302.0,297.0,294.0,293.0,292.0,79684.0,8837.0
ThirdParty_Info_Period5_4,81162,float64,222.39639240038443,200.9973264149346,0.0,,,,2821.0,0.0,76.0,115.0,68.0,133.0,2517.0,291.0,280.0,278.0,276.0,77520.0,8837.0
ThirdParty_Info_Period5_5,81162,float64,84.1656809837116,63.207117468842284,1.0,,,,1390.0,41.0,44.0,56.0,57.0,47.0,829.0,828.0,811.0,809.0,804.0,77081.0,8837.0
ThirdParty_Info_Period5_6,81162,float64,17.97625736181957,48.56185192337591,0.0,,,,1458.0,0.0,1.0,2.0,3.0,4.0,13175.0,8242.0,6574.0,5403.0,4613.0,43155.0,8837.0
ThirdParty_Info_Period5_7,81162,float64,314.73503610063824,284.6595842913495,0.0,,,,4473.0,0.0,110.0,87.0,84.0,108.0,1545.0,216.0,212.0,211.0,210.0,78768.0,8837.0
ThirdParty_Info_Period5_8,81162,float64,117.59330721273503,107.98586495364296,0.0,,,,2030.0,0.0,54.0,37.0,47.0,49.0,1725.0,531.0,530.0,530.0,528.0,77318.0,8837.0
ThirdParty_Info_Period5_9,81162,float64,2.2349991375274145,6.208773654113352,0.0,,,,284.0,0.0,1.0,2.0,3.0,4.0,52660.0,6992.0,4553.0,3195.0,2315.0,11447.0,8837.0
ThirdParty_Info_Period6_1,64912,float64,26.698838427409417,43.11251271005272,0.0,,,,621.0,0.0,1.0,2.0,3.0,4.0,18355.0,3038.0,2255.0,1945.0,1692.0,37627.0,25087.0
ThirdParty_Info_Period6_10,64912,float64,0.6997319447867882,1.3407946744539465,0.0,,,,25.0,0.0,1.0,2.0,3.0,4.0,42766.0,11429.0,5031.0,2605.0,1395.0,1686.0,25087.0
ThirdParty_Info_Period6_11,64912,float64,19.271752526497412,15.315005804907445,0.0,,,,200.0,8.0,9.0,10.0,11.0,12.0,2448.0,2443.0,2426.0,2362.0,2360.0,52873.0,25087.0
ThirdParty_Info_Period6_12,64912,float64,2.106066674882918,29.767815263741646,0.0,,,,2279.0,0.0,1.0,2.0,3.0,4.0,43206.0,10025.0,4336.0,2144.0,1325.0,3876.0,25087.0
ThirdParty_Info_Period6_13,64912,float64,22432.773554966723,38175.14324137578,0.0,,,,3157477.0,0.0,11109.0,5273.0,5557.0,9046.0,589.0,9.0,9.0,9.0,9.0,64287.0,25087.0
ThirdParty_Info_Period6_14,64912,float64,20105.675391298988,40284.77078229135,0.0,,,,3235211.0,0.0,10200.0,5714.0,14010.0,6992.0,2168.0,10.0,9.0,9.0,9.0,62707.0,25087.0
ThirdParty_Info_Period6_15,64912,float64,2006.386754375154,6393.596533580328,0.0,,,,290238.0,0.0,21.0,14.0,15.0,13.0,12024.0,178.0,175.0,172.0,170.0,52193.0,25087.0
ThirdParty_Info_Period6_16,64912,float64,27159.431045107223,55029.46631449858,0.0,,,,4099152.0,0.0,5728.0,6892.0,24780.0,9203.0,1632.0,10.0,9.0,9.0,9.0,63243.0,25087.0
ThirdParty_Info_Period6_17,64912,float64,13387.050668597485,21137.918626456532,0.0,,,,2057102.0,0.0,2750.0,4775.0,2909.0,4220.0,1767.0,14.0,13.0,12.0,12.0,63094.0,25087.0
ThirdParty_Info_Period6_2,64912,float64,17.572652206063594,33.08655349793474,0.0,,,,716.0,0.0,1.0,2.0,3.0,4.0,21636.0,3695.0,2849.0,2284.0,2024.0,32424.0,25087.0
ThirdParty_Info_Period6_3,64912,float64,222.68407998521076,198.94470546272436,0.0,,,,3154.0,122.0,69.0,81.0,86.0,98.0,253.0,246.0,238.0,237.0,237.0,63701.0,25087.0
ThirdParty_Info_Period6_4,64912,float64,219.64796955878728,197.6848271537024,0.0,,,,2933.0,0.0,119.0,95.0,105.0,101.0,1801.0,231.0,231.0,229.0,229.0,62191.0,25087.0
ThirdParty_Info_Period6_5,64912,float64,82.71794121271876,61.48867050404721,1.0,,,,1450.0,50.0,41.0,53.0,44.0,42.0,684.0,671.0,664.0,664.0,651.0,61578.0,25087.0
ThirdParty_Info_Period6_6,64912,float64,16.778916070988416,47.624650012562014,0.0,,,,2199.0,0.0,1.0,2.0,3.0,4.0,11295.0,6780.0,5506.0,4369.0,3668.0,33294.0,25087.0
ThirdParty_Info_Period6_7,64912,float64,311.6343049051023,280.7528198395448,0.0,,,,3918.0,0.0,122.0,150.0,153.0,118.0,1268.0,183.0,176.0,172.0,170.0,62943.0,25087.0
ThirdParty_Info_Period6_8,64912,float64,113.91882856790733,104.41477355734997,0.0,,,,1710.0,0.0,41.0,43.0,37.0,39.0,1399.0,458.0,444.0,440.0,437.0,61734.0,25087.0
ThirdParty_Info_Period6_9,64912,float64,2.1227508010845453,6.094071744606223,0.0,,,,272.0,0.0,1.0,2.0,3.0,4.0,42766.0,5627.0,3465.0,2493.0,1885.0,8676.0,25087.0
ThirdParty_Info_Period7_1,3208,float64,16.6714463840399,34.15417320610796,0.0,,,,521.0,0.0,1.0,2.0,3.0,5.0,1326.0,203.0,138.0,107.0,81.0,1353.0,86791.0
ThirdParty_Info_Period7_10,3208,float64,0.6449501246882793,1.2841649323351412,0.0,,,,11.0,0.0,1.0,2.0,3.0,4.0,2220.0,482.0,240.0,115.0,72.0,79.0,86791.0
ThirdParty_Info_Period7_11,3208,float64,12.648690773067331,13.373750806463317,0.0,,,,119.0,0.0,7.0,3.0,2.0,6.0,551.0,146.0,134.0,132.0,123.0,2122.0,86791.0
ThirdParty_Info_Period7_12,3208,float64,2.2381546134663344,24.78755414764011,0.0,,,,715.0,0.0,1.0,2.0,3.0,4.0,2304.0,442.0,147.0,91.0,50.0,174.0,86791.0
ThirdParty_Info_Period7_13,3208,float64,16804.918952618453,33615.743654790436,0.0,,,,729077.0,0.0,9.0,41.0,20.0,19.0,261.0,6.0,5.0,5.0,5.0,2926.0,86791.0
ThirdParty_Info_Period7_14,3208,float64,13759.403054862843,29001.71811238928,0.0,,,,912989.0,0.0,15.0,35.0,16.0,22.0,358.0,9.0,7.0,7.0,6.0,2821.0,86791.0
ThirdParty_Info_Period7_15,3208,float64,1729.001246882793,6824.108396343822,0.0,,,,214961.0,0.0,17.0,15.0,9.0,22.0,1078.0,12.0,11.0,10.0,10.0,2087.0,86791.0
ThirdParty_Info_Period7_16,3208,float64,18691.046134663342,42101.320240911744,0.0,,,,1207094.0,0.0,268.0,41.0,4183.0,35.0,505.0,3.0,3.0,3.0,3.0,2691.0,86791.0
ThirdParty_Info_Period7_17,3208,float64,10184.673628428927,18044.66144755483,0.0,,,,407138.0,0.0,11.0,9.0,20.0,15.0,186.0,8.0,7.0,7.0,7.0,2993.0,86791.0
ThirdParty_Info_Period7_2,3208,float64,12.143079800498754,27.488849265055094,0.0,,,,333.0,0.0,1.0,2.0,3.0,4.0,1487.0,178.0,143.0,98.0,94.0,1208.0,86791.0
ThirdParty_Info_Period7_3,3208,float64,155.38341645885288,200.52551973603173,0.0,,,,4111.0,0.0,1.0,2.0,3.0,70.0,209.0,203.0,63.0,35.0,20.0,2678.0,86791.0
ThirdParty_Info_Period7_4,3208,float64,139.5293017456359,163.92551873468054,0.0,,,,1182.0,0.0,1.0,2.0,6.0,3.0,311.0,217.0,50.0,21.0,21.0,2588.0,86791.0
ThirdParty_Info_Period7_5,3208,float64,57.09195760598504,56.14907846366439,1.0,,,,995.0,1.0,2.0,39.0,31.0,36.0,384.0,65.0,42.0,40.0,39.0,2638.0,86791.0
ThirdParty_Info_Period7_6,3208,float64,14.264027431421447,41.30975934647805,0.0,,,,609.0,0.0,1.0,2.0,3.0,4.0,1017.0,364.0,230.0,181.0,154.0,1262.0,86791.0
ThirdParty_Info_Period7_7,3208,float64,199.13154613466335,238.27867573780037,0.0,,,,3203.0,0.0,1.0,2.0,3.0,122.0,462.0,48.0,23.0,19.0,17.0,2639.0,86791.0
ThirdParty_Info_Period7_8,3208,float64,81.51714463840399,102.1288630303618,0.0,,,,1311.0,1.0,0.0,2.0,3.0,4.0,311.0,141.0,90.0,49.0,34.0,2583.0,86791.0
ThirdParty_Info_Period7_9,3208,float64,2.006857855361596,6.1395742046801445,0.0,,,,165.0,0.0,1.0,2.0,3.0,4.0,2220.0,234.0,166.0,106.0,79.0,403.0,86791.0
UserInfo_1,89979,float64,3.2275308683137176,1.833196036988575,0.0,,,,7.0,1.0,3.0,5.0,4.0,6.0,29994.0,17857.0,17675.0,14550.0,7374.0,2529.0,20.0
UserInfo_10,89999,int64,0.30860342892698805,0.6013648517637079,0.0,0.0,0.0,0.0,2.0,0.0,1.0,2.0,,,68897.0,14430.0,6672.0,,,0.0,0.0
UserInfo_11,33035,float64,0.08536400787044045,0.2794268375891646,0.0,,,,1.0,0.0,1.0,,,,30215.0,2820.0,,,,0.0,56964.0
UserInfo_12,33035,float64,0.357166641440896,0.47917176675582684,0.0,,,,1.0,0.0,1.0,,,,21236.0,11799.0,,,,0.0,56964.0
UserInfo_13,33035,float64,0.6402906008778568,0.47992240984523793,0.0,,,,1.0,1.0,0.0,,,,21152.0,11883.0,,,,0.0,56964.0
UserInfo_14,89999,int64,3.4175824175824174,1.17065583922752,0.0,3.0,3.0,4.0,6.0,3,4,2,5,6,34285.0,19904.0,17248.0,12221.0,4782.0,1559.0,0.0
UserInfo_15,89999,int64,3.420282447582751,1.1678496105887985,0.0,3.0,3.0,4.0,6.0,3,4,2,5,6,34449.0,19919.0,17060.0,12298.0,4732.0,1541.0,0.0
UserInfo_16,89999,int64,1.603284480938677,1.050142184577939,0.0,1.0,1.0,2.0,6.0,1,2,6,3,4,54403.0,28050.0,2995.0,2371.0,2177.0,3.0,0.0
UserInfo_17,89999,int64,1.1253125034722609,0.3310747617285877,1.0,1.0,1.0,1.0,2.0,1.0,2.0,,,,78721.0,11278.0,,,,0.0,0.0
UserInfo_18,89999,int64,29.737652640584894,6.390654980724048,0.0,25.0,28.0,33.0,55.0,27,25,26,24,28,7170.0,6856.0,6794.0,6476.0,6124.0,56579.0,0.0
UserInfo_19,89999,object,,,,,,,,广东,山东,福建,四川,湖南,7209.0,7085.0,6065.0,5718.0,5444.0,58478.0,0.0
UserInfo_2,89182,object,,,,,,,,深圳,广州,上海,北京,重庆,2269.0,2084.0,1887.0,1657.0,1588.0,79697.0,817.0
UserInfo_20,89999,object,,,,,,,,不详,泉州,温州,盐城,汕头,21408.0,1396.0,1195.0,856.0,701.0,64443.0,0.0
UserInfo_21,89999,int64,0.06898965544061601,0.253437954076191,0.0,0.0,0.0,0.0,1.0,0.0,1.0,,,,83790.0,6209.0,,,,0.0,0.0
UserInfo_22,89999,object,,,,,,,,D,未婚,已婚,不详,离婚,83790.0,3889.0,1404.0,784.0,114.0,18.0,0.0
UserInfo_23,89999,object,,,,,,,,D,G,AB,O,大学本科（简称“大学,83790.0,1766.0,1015.0,808.0,509.0,2111.0,0.0
UserInfo_24,89999,object,,,,,,,,D,福建省泉州市安溪县,上海市浦东新区,浙江省温州市苍南县,广东省揭阳市普宁市,83790.0,12.0,10.0,10.0,8.0,6169.0,0.0
UserInfo_3,89978,float64,4.691846895907888,1.3173743027082299,0.0,,,,7.0,5.0,6.0,4.0,3.0,1.0,41672.0,17914.0,12549.0,9091.0,5070.0,3682.0,21.0
UserInfo_4,89283,object,,,,,,,,深圳,广州,上海,北京,重庆,2536.0,2347.0,2087.0,1945.0,1624.0,78744.0,716.0
UserInfo_5,89999,int64,1.6490849898332203,0.5847894788000004,1.0,1.0,2.0,2.0,3.0,2.0,1.0,3.0,,,48139.0,36721.0,5139.0,,,0.0,0.0
UserInfo_6,89999,int64,1.649196102178913,0.58287695317745,1.0,1.0,2.0,2.0,3.0,2.0,1.0,3.0,,,48347.0,36612.0,5040.0,,,0.0,0.0
UserInfo_7,89999,object,,,,,,,,不详,广东,浙江,山东,福建,12752.0,11686.0,6574.0,6154.0,5526.0,47307.0,0.0
UserInfo_8,89999,object,,,,,,,,不详,深圳,广州,北京,东莞,12752.0,2556.0,2347.0,1863.0,1443.0,69038.0,0.0
UserInfo_9,89999,object,,,,,,,,中国移动,中国联通,不详,中国电信,,51689.0,16004.0,12752.0,9554.0,,0.0,0.0
WeblogInfo_1,2952,float64,2.1192411924119243,7.662705413421941,1.0,,,,135.0,1.0,2.0,3.0,4.0,5.0,2248.0,421.0,110.0,54.0,24.0,95.0,87047.0
WeblogInfo_10,89999,int64,0.00023333592595473283,0.06675028182591736,0.0,0.0,0.0,0.0,20.0,0.0,20.0,1.0,,,89997.0,1.0,1.0,,,0.0,0.0
WeblogInfo_11,89999,int64,0.004888943210480117,0.2281800701510652,0.0,0.0,0.0,0.0,34.0,0,1,2,3,9,89896.0,48.0,11.0,9.0,5.0,30.0,0.0
WeblogInfo_12,89999,int64,0.009300103334481493,0.36122441131458344,0.0,0.0,0.0,0.0,39.0,0,1,2,3,4,89871.0,32.0,13.0,12.0,12.0,59.0,0.0
WeblogInfo_13,89999,int64,0.0010889009877887532,0.12027386431274123,0.0,0.0,0.0,0.0,29.0,0,1,2,4,10,89976.0,10.0,4.0,3.0,2.0,4.0,0.0
WeblogInfo_14,89999,int64,0.7864754052822809,4.45756963891306,0.0,0.0,0.0,0.0,361.0,0,1,2,3,4,81068.0,1678.0,1099.0,878.0,708.0,4568.0,0.0
WeblogInfo_15,89999,int64,1.0245113834598163,2.9065306232079204,0.0,0.0,0.0,1.0,201.0,0,1,2,3,4,63266.0,8416.0,7488.0,3093.0,2404.0,5332.0,0.0
WeblogInfo_16,89999,int64,2.6358959543994933,4.853235784646769,0.0,0.0,1.0,3.0,192.0,0,2,1,3,4,38045.0,11972.0,11575.0,6310.0,5472.0,16625.0,0.0
WeblogInfo_17,89999,int64,5.369626329181435,8.265836422446492,0.0,1.0,3.0,7.0,356.0,0,2,1,3,4,21423.0,11555.0,8999.0,7714.0,7061.0,33247.0,0.0
WeblogInfo_18,89999,int64,1.6573184146490516,3.586028562239821,0.0,0.0,0.0,2.0,148.0,0,2,1,3,4,50071.0,10789.0,10758.0,4893.0,4034.0,9454.0,0.0
WeblogInfo_19,81181,object,,,,,,,,I,D,F,E,J,65853.0,10653.0,3543.0,556.0,335.0,241.0,8818.0
WeblogInfo_2,84946,float64,0.13470910931650695,0.36371934411283513,0.0,,,,5.0,0.0,1.0,2.0,3.0,4.0,74122.0,10247.0,541.0,31.0,4.0,1.0,5053.0
WeblogInfo_20,66028,object,,,,,,,,I5,I4,C21,U,I3,33555.0,7503.0,7165.0,5410.0,5049.0,7346.0,23971.0
WeblogInfo_21,80893,object,,,,,,,,D,A,C,B,,65022.0,11088.0,4627.0,156.0,,0.0,9106.0
WeblogInfo_23,89245,float64,0.007451397837413861,0.09396929004290011,0.0,,,,4.0,0.0,1.0,2.0,3.0,4.0,88638.0,554.0,49.0,3.0,1.0,0.0,754.0
WeblogInfo_24,89245,float64,0.3583730180962519,1.3203836817849401,0.0,,,,24.0,0.0,1.0,3.0,2.0,4.0,79321.0,3142.0,1932.0,1620.0,976.0,2254.0,754.0
WeblogInfo_25,89245,float64,0.02597344389041403,0.17463772977782124,0.0,,,,5.0,0.0,1.0,2.0,3.0,5.0,87121.0,1957.0,148.0,14.0,3.0,2.0,754.0
WeblogInfo_26,89245,float64,0.012953106616617178,0.1157175423295754,0.0,,,,4.0,0.0,1.0,2.0,3.0,4.0,88111.0,1116.0,15.0,2.0,1.0,0.0,754.0
WeblogInfo_27,89245,float64,0.24301641548546138,0.9022619843561742,0.0,,,,34.0,0.0,1.0,2.0,3.0,4.0,78441.0,6343.0,1937.0,982.0,569.0,973.0,754.0
WeblogInfo_28,89245,float64,0.013390105888285058,0.12671656835085227,0.0,,,,5.0,0.0,1.0,2.0,3.0,4.0,88153.0,1008.0,69.0,12.0,2.0,1.0,754.0
WeblogInfo_29,89245,float64,0.024023754832203485,0.17155311800323647,0.0,,,,5.0,0.0,1.0,2.0,3.0,5.0,87322.0,1736.0,162.0,19.0,3.0,3.0,754.0
WeblogInfo_3,2952,float64,1.2181571815718157,7.5732390765217765,0.0,,,,135.0,0.0,1.0,2.0,3.0,4.0,1699.0,1045.0,84.0,33.0,17.0,74.0,87047.0
WeblogInfo_30,89245,float64,0.1398733822623116,0.4680764038081964,0.0,,,,16.0,0.0,1.0,2.0,3.0,4.0,79304.0,8390.0,984.0,337.0,130.0,100.0,754.0
WeblogInfo_31,89245,float64,0.003552019720992773,0.087282003345349,0.0,,,,6.0,0.0,2.0,1.0,4.0,3.0,89075.0,113.0,45.0,7.0,4.0,1.0,754.0
WeblogInfo_32,89245,float64,0.006218835789119839,0.08372227013804343,0.0,,,,3.0,0.0,1.0,2.0,3.0,,88726.0,484.0,34.0,1.0,,0.0,754.0
WeblogInfo_33,89245,float64,0.3050142865146507,1.1668453257751163,0.0,,,,21.0,0.0,1.0,3.0,2.0,4.0,80287.0,2918.0,1846.0,1512.0,875.0,1807.0,754.0
WeblogInfo_34,89245,float64,0.020370889125441202,0.15130073101235914,0.0,,,,5.0,0.0,1.0,2.0,3.0,5.0,87543.0,1597.0,97.0,6.0,1.0,1.0,754.0
WeblogInfo_35,89245,float64,0.010286290548490111,0.1028784978167879,0.0,,,,4.0,0.0,1.0,2.0,4.0,,88342.0,890.0,12.0,1.0,,0.0,754.0
WeblogInfo_36,89245,float64,0.19632472407417784,0.7691586158602794,0.0,,,,28.0,0.0,1.0,2.0,3.0,4.0,80011.0,5600.0,1670.0,796.0,466.0,702.0,754.0
WeblogInfo_37,89245,float64,0.010734494929687938,0.11161112441756964,0.0,,,,5.0,0.0,1.0,2.0,3.0,5.0,88353.0,838.0,45.0,7.0,1.0,1.0,754.0
WeblogInfo_38,89245,float64,0.01926158328197658,0.15103846743394422,0.0,,,,5.0,0.0,1.0,2.0,3.0,4.0,87675.0,1442.0,111.0,14.0,2.0,1.0,754.0
WeblogInfo_39,89245,float64,0.10556333688161802,0.4083647566790597,0.0,,,,16.0,0.0,1.0,2.0,3.0,4.0,81685.0,6430.0,716.0,241.0,96.0,77.0,754.0
WeblogInfo_4,84959,float64,3.0435268776704056,3.6400994673230116,1.0,,,,165.0,1.0,2.0,3.0,4.0,5.0,29724.0,22121.0,12377.0,6836.0,4018.0,9883.0,5040.0
WeblogInfo_40,89245,float64,0.002274637234578968,0.06913364845812255,0.0,,,,4.0,0.0,2.0,1.0,4.0,,89136.0,76.0,27.0,6.0,,0.0,754.0
WeblogInfo_41,89245,float64,0.0004482043811978262,0.0211662116122491,0.0,,,,1.0,0.0,1.0,,,,89205.0,40.0,,,,0.0,754.0
WeblogInfo_42,89245,float64,0.050949633032662894,0.44047969971089257,0.0,,,,12.0,0.0,1.0,3.0,2.0,4.0,87537.0,576.0,419.0,321.0,165.0,227.0,754.0
WeblogInfo_43,89245,float64,0.0012437671578239677,0.03710386693430476,0.0,,,,3.0,0.0,1.0,2.0,3.0,,89139.0,102.0,3.0,1.0,,0.0,754.0
WeblogInfo_44,89245,float64,0.00025771751918875007,0.016051603904602273,0.0,,,,1.0,0.0,1.0,,,,89222.0,23.0,,,,0.0,754.0
WeblogInfo_45,89245,float64,0.012359235811530058,0.17171224295486756,0.0,,,,13.0,0.0,1.0,2.0,3.0,5.0,88531.0,506.0,118.0,49.0,15.0,26.0,754.0
WeblogInfo_46,89245,float64,0.0007619474480363046,0.028785531538143977,0.0,,,,2.0,0.0,1.0,2.0,,,89180.0,62.0,3.0,,,0.0,754.0
WeblogInfo_47,89245,float64,0.0014454591293629896,0.03943904539191082,0.0,,,,2.0,0.0,1.0,2.0,,,89121.0,119.0,5.0,,,0.0,754.0
WeblogInfo_48,89245,float64,0.02006835116813267,0.21035712154715722,0.0,,,,12.0,0.0,1.0,2.0,3.0,4.0,88088.0,783.0,223.0,87.0,40.0,24.0,754.0
WeblogInfo_49,89245,float64,2.241021905989131e-05,0.006694806802272732,0.0,,,,2.0,0.0,2.0,,,,89244.0,1.0,,,,0.0,754.0
WeblogInfo_5,84959,float64,1.8356854482750504,1.7232831062139748,1.0,,,,122.0,1.0,2.0,3.0,4.0,5.0,47997.0,22273.0,7940.0,3060.0,1399.0,2290.0,5040.0
WeblogInfo_50,89999,int64,0.012077911976799742,0.14062996611508866,0.0,0.0,0.0,0.0,6.0,0,1,2,3,4,89175.0,624.0,158.0,26.0,12.0,4.0,0.0
WeblogInfo_51,89999,int64,0.009111212346803853,0.1192829159186385,0.0,0.0,0.0,0.0,5.0,0,1,2,3,4,89358.0,503.0,109.0,19.0,8.0,2.0,0.0
WeblogInfo_52,89999,int64,0.0017000188890987677,0.052147795936722884,0.0,0.0,0.0,0.0,4.0,0,1,2,3,4,89881.0,92.0,19.0,5.0,2.0,0.0,0.0
WeblogInfo_53,89999,int64,0.006433404815609062,0.10441886085518201,0.0,0.0,0.0,0.0,11.0,0,1,2,3,4,89533.0,391.0,55.0,13.0,4.0,3.0,0.0
WeblogInfo_54,89999,int64,0.005433393704374493,0.09535671369967898,0.0,0.0,0.0,0.0,11.0,0,1,2,3,4,89601.0,336.0,48.0,8.0,4.0,2.0,0.0
WeblogInfo_55,89999,int64,0.0008222313581262014,0.033983895645155394,0.0,0.0,0.0,0.0,3.0,0.0,1.0,2.0,3.0,,89938.0,50.0,9.0,2.0,,0.0,0.0
WeblogInfo_56,89999,int64,0.018511316792408805,0.17509430672458381,0.0,0.0,0.0,0.0,11.0,0,1,2,3,4,88710.0,1015.0,212.0,38.0,16.0,8.0,0.0
WeblogInfo_57,89999,int64,0.014544606051178346,0.15238866811518353,0.0,0.0,0.0,0.0,11.0,0,1,2,3,4,88960.0,839.0,157.0,27.0,12.0,4.0,0.0
WeblogInfo_58,89999,int64,0.002522250247224969,0.06222139612334582,0.0,0.0,0.0,0.0,4.0,0,1,2,3,4,89820.0,142.0,28.0,7.0,2.0,0.0,0.0
WeblogInfo_6,84959,float64,2.962652573594322,3.607872437820769,1.0,,,,165.0,1.0,2.0,3.0,4.0,5.0,32824.0,20746.0,11369.0,6498.0,3840.0,9682.0,5040.0
WeblogInfo_7,89999,int64,10.687352081689797,16.315544430880383,0.0,2.0,6.0,13.0,749.0,2,0,3,4,1,9445.0,9370.0,7119.0,6311.0,5777.0,51977.0,0.0
WeblogInfo_8,89999,int64,0.6611740130445893,2.6390523752725823,0.0,0.0,0.0,0.0,93.0,0,2,1,3,4,78644.0,2037.0,2002.0,1605.0,1201.0,4510.0,0.0
WeblogInfo_9,89999,int64,0.11319014655718397,1.4750001251522347,0.0,0.0,0.0,0.0,201.0,0,1,2,3,4,88335.0,512.0,215.0,139.0,110.0,688.0,0.0
target,79999,float64,0.0743884298553732,0.262403605282968,0.0,,,,1.0,0.0,1.0,,,,74048.0,5951.0,,,,0.0,10000.0
Log_FirstTime,89999,float64,-39.32891476571962,122.82548910579186,-1387.0,-15.0,-9.0,-5.0,0.0,-5.0,-6.0,-4.0,-7.0,-8.0,7039.0,6814.0,6648.0,6416.0,5809.0,57273.0,0.0
Log_Count,89999,float64,19.332003688929877,29.16370552077694,0.0,9.0,13.0,22.0,1959.0,7.0,8.0,9.0,10.0,11.0,7667.0,7588.0,6088.0,5646.0,4962.0,58048.0,0.0
Log_DayFreq,89999,float64,0.4233780151393197,0.30464752983528903,0.0,0.16666666666666666,0.375,0.6666666666666666,1.0,1.0,0.5,0.3333333333333333,0.6666666666666666,0.25,8318.0,5260.0,4032.0,3272.0,3164.0,65953.0,0.0
Log_Cats,89999,int64,7.91014344603829,2.282437169847763,0.0,7.0,8.0,9.0,23.0,8,7,9,10,11,28198.0,24908.0,13638.0,7009.0,3666.0,12580.0,0.0
"Log_(-4, 6)",89999,float64,9.49974999722219,16.469843909362705,0.0,2.0,5.0,12.0,1321.0,1.0,0.0,2.0,3.0,4.0,10516.0,9091.0,8846.0,7125.0,6189.0,48232.0,0.0
"Log_(1, 0)",89999,float64,0.8052645029389215,0.395999148556555,0.0,1.0,1.0,1.0,1.0,1.0,0.0,,,,72473.0,17526.0,,,,0.0,0.0
"Log_(1, 1)",89999,float64,0.9328881432015911,0.2506163513784869,0.0,1.0,1.0,1.0,4.0,1.0,0.0,2.0,4.0,,83949.0,6046.0,3.0,1.0,,0.0,0.0
"Log_(1, 2)",89999,float64,1.0797008855653951,0.7374309244987215,0.0,1.0,1.0,1.0,28.0,1.0,0.0,2.0,3.0,4.0,60904.0,13460.0,12204.0,2424.0,664.0,343.0,0.0
"Log_(2, 1)",89999,float64,0.9326548072756364,0.25101896360251963,0.0,1.0,1.0,1.0,4.0,1.0,0.0,2.0,4.0,,83928.0,6067.0,3.0,1.0,,0.0,0.0
"Log_(4, 1)",89999,float64,0.9431104790053223,0.31342059276851636,0.0,1.0,1.0,1.0,36.0,1.0,0.0,2.0,3.0,5.0,83855.0,5799.0,237.0,29.0,25.0,54.0,0.0
"Log_(2, 21)",89999,float64,0.6149401660018444,6.450653690674761,0.0,0.0,0.0,1.0,1924.0,0.0,1.0,2.0,3.0,4.0,47781.0,31393.0,10536.0,248.0,25.0,16.0,0.0
"Log_(4, 7)",89999,float64,0.38539317103523374,1.2886726988017743,0.0,0.0,0.0,0.0,147.0,0.0,1.0,2.0,3.0,4.0,68380.0,15603.0,3757.0,1110.0,452.0,697.0,0.0
"Log_(1, 4)",89999,float64,0.06864520716896855,0.29435585419431354,0.0,0.0,0.0,0.0,10.0,0.0,1.0,2.0,3.0,4.0,84520.0,4972.0,384.0,84.0,25.0,14.0,0.0
"Log_(2, 7)",89999,float64,0.02261136234847054,0.1841211460729262,0.0,0.0,0.0,0.0,13.0,0.0,1.0,2.0,3.0,4.0,88292.0,1468.0,190.0,31.0,10.0,8.0,0.0
"Log_(-10, 13)",89999,float64,0.14784608717874642,0.49988064937015125,0.0,0.0,0.0,0.0,36.0,0.0,1.0,2.0,3.0,4.0,78883.0,9968.0,737.0,184.0,93.0,134.0,0.0
"Log_(3, 1)",89999,float64,0.1474460827342526,0.4537473875715899,0.0,0.0,0.0,0.0,21.0,0.0,1.0,2.0,3.0,4.0,78401.0,10596.0,708.0,154.0,66.0,74.0,0.0
"Log_(4, 0)",89999,float64,0.004511161235124835,0.06701388332613198,0.0,0.0,0.0,0.0,1.0,0.0,1.0,,,,89593.0,406.0,,,,0.0,0.0
"Log_(4, 6)",89999,float64,0.11414571273014144,3.426296770094902,0.0,0.0,0.0,0.0,614.0,0.0,1.0,2.0,3.0,4.0,88437.0,729.0,238.0,128.0,105.0,362.0,0.0
"Log_(10, 20)",89999,float64,0.03226702518916877,0.20045439832724102,0.0,0.0,0.0,0.0,10.0,0.0,1.0,2.0,3.0,4.0,87366.0,2424.0,177.0,19.0,6.0,7.0,0.0
"Log_(107, 6)",89999,float64,1.0240224891387681,6.986696637372178,0.0,0.0,0.0,0.0,824.0,0.0,1.0,2.0,3.0,4.0,79616.0,1917.0,1270.0,981.0,812.0,5403.0,0.0
"Log_(99, 6)",89999,float64,0.6856853965044056,2.8004808195916926,0.0,0.0,0.0,0.0,162.0,0.0,2.0,1.0,3.0,4.0,78607.0,2026.0,1884.0,1627.0,1219.0,4636.0,0.0
"Log_(1, 6)",89999,float64,0.030389226546961634,0.6323209902591862,0.0,0.0,0.0,0.0,81.0,0.0,1.0,2.0,5.0,4.0,88343.0,1528.0,39.0,14.0,13.0,62.0,0.0
"Log_(1, 20)",89999,float64,0.9367992977699752,0.5617744267224799,0.0,1.0,1.0,1.0,123.0,1.0,0.0,2.0,3.0,4.0,80239.0,8088.0,1364.0,190.0,56.0,62.0,0.0
"Log_(2, 3)",89999,float64,0.3918043533817042,9.203452010562023,0.0,0.0,0.0,0.0,1397.0,0.0,1.0,2.0,3.0,4.0,88375.0,467.0,198.0,101.0,63.0,795.0,0.0
"Log_(2, 11)",89999,float64,0.007044522716919077,0.1946966183048523,0.0,0.0,0.0,0.0,21.0,0.0,1.0,2.0,3.0,4.0,89703.0,179.0,55.0,21.0,18.0,23.0,0.0
"Log_(10, 0)",89999,float64,0.02993366592962144,0.17040529399417442,0.0,0.0,0.0,0.0,1.0,0.0,1.0,,,,87305.0,2694.0,,,,0.0,0.0
"Log_(100, 6)",89999,float64,0.17745752730585895,3.337402686631341,0.0,0.0,0.0,0.0,355.0,0.0,1.0,2.0,3.0,4.0,88064.0,579.0,249.0,155.0,126.0,826.0,0.0
"Log_(12, 0)",89999,float64,0.0984899832220358,0.2979776719844893,0.0,0.0,0.0,0.0,1.0,0.0,1.0,,,,81135.0,8864.0,,,,0.0,0.0
"Log_(2, 2)",89999,float64,0.005988955432838143,0.12219300831444116,0.0,0.0,0.0,0.0,10.0,0.0,1.0,2.0,3.0,4.0,89672.0,215.0,63.0,20.0,15.0,14.0,0.0
"Log_(2, 20)",89999,float64,0.0033555928399204436,0.05840409356262076,0.0,0.0,0.0,0.0,2.0,0.0,1.0,2.0,,,89700.0,296.0,3.0,,,0.0,0.0
"Log_(2, 10)",89999,float64,0.019789108767875197,0.39118142484756174,0.0,0.0,0.0,0.0,49.0,0.0,1.0,2.0,3.0,4.0,89146.0,601.0,108.0,44.0,29.0,71.0,0.0
"Log_(1, 21)",89999,float64,0.006877854198379982,0.132278225440321,0.0,0.0,0.0,0.0,7.0,0.0,1.0,2.0,3.0,4.0,89685.0,126.0,114.0,43.0,21.0,10.0,0.0
"Log_(4, 19)",89999,float64,0.04193379926443627,2.112493700456106,0.0,0.0,0.0,0.0,481.0,0.0,1.0,2.0,3.0,4.0,89387.0,290.0,101.0,60.0,37.0,124.0,0.0
"Log_(102, 6)",89999,float64,0.0065000722230247,0.3433727043342732,0.0,0.0,0.0,0.0,69.0,0.0,1.0,2.0,3.0,4.0,89870.0,66.0,14.0,8.0,6.0,35.0,0.0
"Log_(2, 0)",89999,float64,0.00141112679029767,0.03753866232154822,0.0,0.0,0.0,0.0,1.0,0.0,1.0,,,,89872.0,127.0,,,,0.0,0.0
"Log_(2, 6)",89999,float64,0.0033555928399204436,0.19433825453096384,0.0,0.0,0.0,0.0,28.0,0.0,1.0,2.0,3.0,5.0,89886.0,73.0,19.0,7.0,3.0,11.0,0.0
"Log_(5, 0)",89999,float64,0.0017555750619451327,0.04186302056383268,0.0,0.0,0.0,0.0,1.0,0.0,1.0,,,,89841.0,158.0,,,,0.0,0.0
"Log_(103, 6)",89999,float64,0.014744608273425261,0.5159453707527201,0.0,0.0,0.0,0.0,54.0,0.0,1.0,2.0,3.0,4.0,89816.0,51.0,16.0,16.0,13.0,87.0,0.0
"Log_(104, 6)",89999,float64,0.0021111345681618684,0.2735314022853518,0.0,0.0,0.0,0.0,77.0,0.0,1.0,2.0,3.0,11.0,89964.0,17.0,5.0,3.0,2.0,8.0,0.0
"Log_(9, 0)",89999,float64,0.0009222324692496584,0.03035444274449117,0.0,0.0,0.0,0.0,1.0,0.0,1.0,,,,89916.0,83.0,,,,0.0,0.0
"Log_(9, 6)",89999,float64,0.002966699629995889,0.23195582669039033,0.0,0.0,0.0,0.0,55.0,0.0,1.0,2.0,3.0,7.0,89930.0,37.0,9.0,7.0,4.0,12.0,0.0
"Log_(8, 0)",89999,float64,0.00018889098767764086,0.013742540024014527,0.0,0.0,0.0,0.0,1.0,0.0,1.0,,,,89982.0,17.0,,,,0.0,0.0
"Log_(8, 6)",89999,float64,0.0009444549383882043,0.08504470631728515,0.0,0.0,0.0,0.0,17.0,0.0,1.0,2.0,3.0,17.0,89965.0,18.0,9.0,4.0,1.0,2.0,0.0
"Log_(0, 0)",89999,float64,0.00021111345681618684,0.014528290786817043,0.0,0.0,0.0,0.0,1.0,0.0,1.0,,,,89980.0,19.0,,,,0.0,0.0
"Log_(3, 6)",89999,float64,0.00034444827164746274,0.033828260835795786,0.0,0.0,0.0,0.0,9.0,0.0,1.0,9.0,,,89976.0,22.0,1.0,,,0.0,0.0
"Log_(6, 6)",89999,float64,2.2222469138545985e-05,0.004714045207324053,0.0,0.0,0.0,0.0,1.0,0.0,1.0,,,,89997.0,2.0,,,,0.0,0.0
"Log_(3, 21)",89999,float64,0.00012222358026200292,0.011054863163431064,0.0,0.0,0.0,0.0,1.0,0.0,1.0,,,,89988.0,11.0,,,,0.0,0.0
"Log_(101, 6)",89999,float64,0.0008333425926954743,0.16536129427594437,0.0,0.0,0.0,0.0,45.0,0.0,1.0,45.0,20.0,5.0,89993.0,2.0,1.0,1.0,1.0,1.0,0.0
"Log_(6, 0)",89999,float64,0.00020000222224691387,0.014140878445490153,0.0,0.0,0.0,0.0,1.0,0.0,1.0,,,,89981.0,18.0,,,,0.0,0.0
"Log_(2, 16)",89999,float64,2.2222469138545985e-05,0.0047140452073248665,0.0,0.0,0.0,0.0,1.0,0.0,1.0,,,,89997.0,2.0,,,,0.0,0.0
"Log_(2000, 6)",89999,float64,0.007688974321936911,0.13344640395862792,0.0,0.0,0.0,0.0,13.0,0.0,1.0,2.0,3.0,4.0,89534.0,332.0,88.0,27.0,7.0,11.0,0.0
"Log_(3000, 0)",89999,float64,0.0001333348148312759,0.011546363842867387,0.0,0.0,0.0,0.0,1.0,0.0,1.0,,,,89987.0,12.0,,,,0.0,0.0
"Log_(3001, 6)",89999,float64,0.0020000222224691383,0.16012811808139388,0.0,0.0,0.0,0.0,25.0,0.0,3.0,12.0,10.0,5.0,89976.0,4.0,3.0,2.0,2.0,12.0,0.0
"Log_(11, 0)",89999,float64,7.777864198491094e-05,0.008818926047259647,0.0,0.0,0.0,0.0,1.0,0.0,1.0,,,,89992.0,7.0,,,,0.0,0.0
"Log_(5, 6)",89999,float64,1.1111234569272993e-05,0.0033333518520067117,0.0,0.0,0.0,0.0,1.0,0.0,1.0,,,,89998.0,1.0,,,,0.0,0.0
"Log_(22, 22)",89999,float64,0.012811253458371759,2.210284042420604,0.0,0.0,0.0,0.0,432.0,0.0,432.0,429.0,261.0,30.0,89994.0,1.0,1.0,1.0,1.0,1.0,0.0
"Log_(300, 20)",89999,float64,0.03421149123879154,0.1854044098741078,0.0,0.0,0.0,0.0,4.0,0.0,1.0,2.0,3.0,4.0,86971.0,2985.0,36.0,6.0,1.0,0.0,0.0
"Log_(303, 20)",89999,float64,0.0045333837042633805,0.06717798955122828,0.0,0.0,0.0,0.0,1.0,0.0,1.0,,,,89591.0,408.0,,,,0.0,0.0
"Log_(307, 20)",89999,float64,0.024566939632662585,0.1548738005338646,0.0,0.0,0.0,0.0,2.0,0.0,1.0,2.0,,,87789.0,2209.0,1.0,,,0.0,0.0
"Log_(302, 20)",89999,float64,0.007511194568828542,0.08685476510771716,0.0,0.0,0.0,0.0,2.0,0.0,1.0,2.0,,,89327.0,668.0,4.0,,,0.0,0.0
"Log_(1000, 23)",89999,float64,0.006433404815609062,0.26426869185409607,0.0,0.0,0.0,0.0,25.0,0.0,1.0,2.0,4.0,3.0,89873.0,52.0,17.0,14.0,6.0,37.0,0.0
"Log_(304, 20)",89999,float64,0.003000033333703708,0.05469064241846603,0.0,0.0,0.0,0.0,1.0,0.0,1.0,,,,89729.0,270.0,,,,0.0,0.0
"Log_(305, 20)",89999,float64,0.0007111190124334715,0.026657479589482048,0.0,0.0,0.0,0.0,1.0,0.0,1.0,,,,89935.0,64.0,,,,0.0,0.0
"Log_(310, 20)",89999,float64,0.0005888954321714686,0.02426015609835111,0.0,0.0,0.0,0.0,1.0,0.0,1.0,,,,89946.0,53.0,,,,0.0,0.0
"Log_(1001, 23)",89999,float64,4.444493827709197e-05,0.00666659258888713,0.0,0.0,0.0,0.0,1.0,0.0,1.0,,,,89995.0,4.0,,,,0.0,0.0
"Log_(200, 0)",89999,float64,7.777864198491094e-05,0.008818926047257914,0.0,0.0,0.0,0.0,1.0,0.0,1.0,,,,89992.0,7.0,,,,0.0,0.0
"Log_(207, 0)",89999,float64,0.00020000222224691387,0.014140878445492168,0.0,0.0,0.0,0.0,1.0,0.0,1.0,,,,89981.0,18.0,,,,0.0,0.0
Userupdate_FirstTime,89999,float64,-27.543561595128836,70.82596727205974,-780.0,-14.0,-8.0,-5.0,0.0,-5.0,-6.0,-4.0,-7.0,-8.0,7590.0,7342.0,7217.0,6881.0,6168.0,54801.0,0.0
Userupdate_Count,89999,float64,12.41556017289081,5.289562057557104,0.0,11.0,12.0,14.0,156.0,12.0,13.0,2.0,14.0,9.0,33601.0,9889.0,6678.0,6146.0,6124.0,27561.0,0.0
Userupdate_DayFreq,89999,float64,0.15766703319234907,0.129047081003646,0.0,0.07692307692307693,0.125,0.2,1.0,0.16666666666666666,0.2,0.25,0.14285714285714285,0.125,6678.0,6622.0,6134.0,6097.0,5621.0,58847.0,0.0
Userupdate_Cats,89999,int64,11.271958577317525,3.3647687475423638,0.0,11.0,12.0,13.0,31.0,12,13,9,11,2,34597.0,15173.0,9028.0,6898.0,6784.0,17519.0,0.0
Userupdate__educationid,89999,float64,0.9396548850542784,0.39796122685231283,0.0,1.0,1.0,1.0,9.0,1.0,0.0,2.0,3.0,4.0,78133.0,8973.0,2456.0,324.0,55.0,58.0,0.0
Userupdate__hasbuycar,89999,float64,0.9371215235724841,0.37314651841643376,0.0,1.0,1.0,1.0,11.0,1.0,0.0,2.0,3.0,4.0,79357.0,8409.0,1897.0,243.0,44.0,49.0,0.0
Userupdate__idnumber,89999,float64,0.23772486360959566,0.4565972393105538,0.0,0.0,0.0,0.0,15.0,0.0,1.0,2.0,3.0,5.0,69298.0,20251.0,325.0,74.0,20.0,31.0,0.0
Userupdate__lastupdatedate,89999,float64,0.7726085845398282,1.7306049830740942,0.0,0.0,0.0,1.0,51.0,0.0,1.0,2.0,3.0,4.0,59116.0,15737.0,7183.0,3139.0,1846.0,2978.0,0.0
Userupdate__marriagestatusid,89999,float64,0.9302547806086734,0.37705722527966606,0.0,1.0,1.0,1.0,11.0,1.0,0.0,2.0,3.0,4.0,79063.0,8869.0,1735.0,229.0,52.0,51.0,0.0
Userupdate__mobilephone,89999,float64,0.9983666485183169,0.6462334900770209,0.0,1.0,1.0,1.0,17.0,1.0,0.0,2.0,3.0,4.0,65310.0,13889.0,8952.0,1219.0,375.0,254.0,0.0
Userupdate__qq,89999,float64,0.9036322625806953,0.3922231548969538,0.0,1.0,1.0,1.0,9.0,1.0,0.0,2.0,3.0,4.0,77285.0,10920.0,1510.0,195.0,41.0,48.0,0.0
Userupdate__realname,89999,float64,0.34439271547461636,0.6419187548385142,0.0,0.0,0.0,1.0,15.0,0.0,1.0,2.0,3.0,4.0,64462.0,21840.0,2576.0,756.0,212.0,153.0,0.0
Userupdate__residencephone,89999,float64,0.9512216802408916,0.38870390555871714,0.0,1.0,1.0,1.0,11.0,1.0,0.0,2.0,3.0,4.0,78947.0,8047.0,2567.0,326.0,56.0,56.0,0.0
Userupdate__residencetypeid,89999,float64,0.9450327225858065,0.38429404601803197,0.0,1.0,1.0,1.0,11.0,1.0,0.0,2.0,3.0,4.0,78970.0,8283.0,2362.0,273.0,57.0,54.0,0.0
Userupdate__residenceyears,89999,float64,0.9471105234502606,0.3664622866883602,0.0,1.0,1.0,1.0,11.0,1.0,0.0,2.0,3.0,4.0,79855.0,7701.0,2129.0,218.0,47.0,49.0,0.0
Userupdate__companyphone,89999,float64,0.04338937099301103,0.2329442716461425,0.0,0.0,0.0,0.0,8.0,0.0,1.0,2.0,3.0,4.0,86559.0,3055.0,322.0,52.0,8.0,3.0,0.0
Userupdate__phone,89999,float64,0.12417915754619496,0.483880632849386,0.0,0.0,0.0,0.0,10.0,0.0,1.0,2.0,3.0,4.0,82649.0,4642.0,2021.0,412.0,184.0,91.0,0.0
Userupdate__relationshipid,89999,float64,0.07132301470016333,0.3300403245034307,0.0,0.0,0.0,0.0,6.0,0.0,1.0,2.0,3.0,4.0,85093.0,3713.0,945.0,190.0,46.0,12.0,0.0
Userupdate__regstepid,89999,float64,0.03363370704118935,0.2453865702640203,0.0,0.0,0.0,0.0,4.0,0.0,2.0,1.0,3.0,4.0,88210.0,1223.0,559.0,6.0,1.0,0.0,0.0
Userupdate__age,89999,float64,0.03263369592995478,0.18132906231203666,0.0,0.0,0.0,0.0,3.0,0.0,1.0,2.0,3.0,,87120.0,2822.0,56.0,1.0,,0.0,0.0
Userupdate__gender,89999,float64,0.022011355681729797,0.14747651425209243,0.0,0.0,0.0,0.0,3.0,0.0,1.0,2.0,3.0,,88027.0,1964.0,7.0,1.0,,0.0,0.0
Userupdate__flag_uctobcp,89999,float64,0.027800308892321025,0.2384337161194247,0.0,0.0,0.0,0.0,4.0,0.0,2.0,1.0,4.0,,88752.0,1168.0,50.0,29.0,,0.0,0.0
Userupdate__flag_uctopvr,89999,float64,0.0235335948177202,0.22076265078829901,0.0,0.0,0.0,0.0,4.0,0.0,2.0,1.0,4.0,,88953.0,985.0,32.0,29.0,,0.0,0.0
Userupdate__byuserid,89999,float64,0.012577917532417026,0.13999210267145323,0.0,0.0,0.0,0.0,13.0,0.0,1.0,2.0,3.0,4.0,89046.0,830.0,97.0,14.0,5.0,7.0,0.0
Userupdate__companyaddress,89999,float64,0.031244791608795654,0.19551118454074998,0.0,0.0,0.0,0.0,6.0,0.0,1.0,2.0,3.0,4.0,87483.0,2267.0,213.0,28.0,6.0,2.0,0.0
Userupdate__department,89999,float64,0.019555772841920466,0.15171712991884562,0.0,0.0,0.0,0.0,4.0,0.0,1.0,2.0,3.0,4.0,88404.0,1437.0,152.0,5.0,1.0,0.0,0.0
Userupdate__turnover,89999,float64,0.044000488894321045,0.3944344646465795,0.0,0.0,0.0,0.0,34.0,0.0,1.0,2.0,3.0,4.0,87807.0,1335.0,481.0,206.0,67.0,103.0,0.0
Userupdate__companytypeid,89999,float64,0.01244458271758575,0.12156807077822268,0.0,0.0,0.0,0.0,4.0,0.0,1.0,2.0,3.0,4.0,88981.0,924.0,88.0,4.0,2.0,0.0,0.0
Userupdate__residenceaddress,89999,float64,0.8919210213446817,0.4086570115190502,0.0,1.0,1.0,1.0,9.0,1.0,0.0,2.0,3.0,4.0,75846.0,12158.0,1732.0,171.0,44.0,48.0,0.0
Userupdate__companyname,89999,float64,0.03518927988088757,0.20654945267320754,0.0,0.0,0.0,0.0,6.0,0.0,1.0,2.0,3.0,4.0,87160.0,2555.0,254.0,21.0,5.0,4.0,0.0
Userupdate__iscash,89999,float64,0.019700218891321016,0.14840318800558713,0.0,0.0,0.0,0.0,4.0,0.0,1.0,2.0,3.0,4.0,88339.0,1555.0,98.0,6.0,1.0,0.0,0.0
Userupdate__workyears,89999,float64,0.01734463716263514,0.13991919001696973,0.0,0.0,0.0,0.0,3.0,0.0,1.0,2.0,3.0,,88540.0,1369.0,78.0,12.0,,0.0,0.0
Userupdate__incomefrom,89999,float64,0.007077856420626896,0.09721169943811896,0.0,0.0,0.0,0.0,7.0,0.0,1.0,2.0,3.0,4.0,89438.0,504.0,46.0,6.0,4.0,1.0,0.0
Userupdate__contactid,89999,float64,0.0006888965432949255,0.03711244820837129,0.0,0.0,0.0,0.0,2.0,0.0,2.0,,,,89968.0,31.0,,,,0.0,0.0
Userupdate__creationdate,89999,float64,0.001422238024866943,0.045925322451373346,0.0,0.0,0.0,0.0,2.0,0.0,1.0,2.0,,,89902.0,66.0,31.0,,,0.0,0.0
Userupdate__orderid,89999,float64,0.00034444827164746274,0.018556224104185646,0.0,0.0,0.0,0.0,1.0,0.0,1.0,,,,89968.0,31.0,,,,0.0,0.0
Userupdate__userid,89999,float64,0.0006888965432949255,0.03711244820837129,0.0,0.0,0.0,0.0,2.0,0.0,2.0,,,,89968.0,31.0,,,,0.0,0.0
Userupdate__companysizeid,89999,float64,0.0031778130868120756,0.05935750369897791,0.0,0.0,0.0,0.0,3.0,0.0,1.0,2.0,3.0,,89728.0,257.0,13.0,1.0,,0.0,0.0
Userupdate__dormitoryphone,89999,float64,0.0007888976544183824,0.031081598771620495,0.0,0.0,0.0,0.0,2.0,0.0,1.0,2.0,,,89936.0,55.0,8.0,,,0.0,0.0
Userupdate__webshopurl,89999,float64,0.0014555717285747618,0.044323714405949274,0.0,0.0,0.0,0.0,4.0,0.0,1.0,2.0,3.0,4.0,89886.0,99.0,11.0,2.0,1.0,0.0,0.0
Userupdate__nickname,89999,float64,0.0010333448149423882,0.03414124748448564,0.0,0.0,0.0,0.0,2.0,0.0,1.0,2.0,,,89912.0,81.0,6.0,,,0.0,0.0
Userupdate__webshoptypeid,89999,float64,0.0002777808642318248,0.016664536827913422,0.0,0.0,0.0,0.0,1.0,0.0,1.0,,,,89974.0,25.0,,,,0.0,0.0
Userupdate__schoolname,89999,float64,0.0006333403704485605,0.03349397015231668,0.0,0.0,0.0,0.0,4.0,0.0,1.0,2.0,4.0,3.0,89957.0,32.0,7.0,2.0,1.0,0.0,0.0
Userupdate__graduatedate,89999,float64,7.777864198491094e-05,0.008818926047256285,0.0,0.0,0.0,0.0,1.0,0.0,1.0,,,,89992.0,7.0,,,,0.0,0.0
Userupdate__graduateschool,89999,float64,7.777864198491094e-05,0.008818926047256285,0.0,0.0,0.0,0.0,1.0,0.0,1.0,,,,89992.0,7.0,,,,0.0,0.0
Userupdate__idaddress,89999,float64,7.777864198491094e-05,0.008818926047256285,0.0,0.0,0.0,0.0,1.0,0.0,1.0,,,,89992.0,7.0,,,,0.0,0.0
Userupdate__phonetype,89999,float64,5.555617284636496e-05,0.007453435692905328,0.0,0.0,0.0,0.0,1.0,0.0,1.0,,,,89994.0,5.0,,,,0.0,0.0
Userupdate__secondemail,89999,float64,5.555617284636496e-05,0.007453435692905328,0.0,0.0,0.0,0.0,1.0,0.0,1.0,,,,89994.0,5.0,,,,0.0,0.0
Userupdate__secondmobile,89999,float64,5.555617284636496e-05,0.007453435692905328,0.0,0.0,0.0,0.0,1.0,0.0,1.0,,,,89994.0,5.0,,,,0.0,0.0
Userupdate__hasppdaiaccount,89999,float64,1.1111234569272993e-05,0.003333351852011709,0.0,0.0,0.0,0.0,1.0,0.0,1.0,,,,89998.0,1.0,,,,0.0,0.0
Userupdate__ppdaiaccount,89999,float64,1.1111234569272993e-05,0.003333351852011709,0.0,0.0,0.0,0.0,1.0,0.0,1.0,,,,89998.0,1.0,,,,0.0,0.0
Userupdate__otherwebshoptype,89999,float64,2.2222469138545985e-05,0.004714045207322688,0.0,0.0,0.0,0.0,1.0,0.0,1.0,,,,89997.0,2.0,,,,0.0,0.0
Userupdate__bussinessaddress,89999,float64,0.010000111112345693,0.1047230121062988,0.0,0.0,0.0,0.0,3.0,0.0,1.0,2.0,3.0,,89146.0,807.0,45.0,1.0,,0.0,0.0
Userupdate__hasbusinesslicense,89999,float64,0.007566750741674908,0.0895583660802982,0.0,0.0,0.0,0.0,3.0,0.0,1.0,2.0,3.0,,89340.0,638.0,20.0,1.0,,0.0,0.0
Userupdate__cityid,89999,float64,0.6652851698352203,0.534307666523217,0.0,0.0,1.0,1.0,7.0,1.0,0.0,2.0,3.0,4.0,54966.0,32674.0,2226.0,96.0,21.0,16.0,0.0
Userupdate__districtid,89999,float64,0.6746186068734097,0.5491623362725094,0.0,0.0,1.0,1.0,7.0,1.0,0.0,2.0,3.0,4.0,54313.0,32617.0,2871.0,155.0,26.0,17.0,0.0
Userupdate__provinceid,89999,float64,0.660996233291481,0.5277578583494871,0.0,0.0,1.0,1.0,7.0,1.0,0.0,2.0,3.0,4.0,55253.0,32711.0,1925.0,75.0,19.0,16.0,0.0
Userupdate__hassborgjj,89999,float64,0.0034222602473360816,0.058590178306796435,0.0,0.0,0.0,0.0,2.0,0.0,1.0,2.0,,,89692.0,306.0,1.0,,,0.0,0.0
Userupdate__position,89999,float64,0.006033400371115234,0.07858019352459245,0.0,0.0,0.0,0.0,2.0,0.0,1.0,2.0,,,89464.0,527.0,8.0,,,0.0,0.0
